{
    "installed": {
        "client_id": "1000642209249-6tqm3nuk6h6vp944n099j90qmtio9p3k.apps.googleusercontent.com",
        "project_id": "leafy-star-375415",
        "auth_uri": "https://accounts.google.com/o/oauth2/auth",
        "token_uri": "https://oauth2.googleapis.com/token",
        "auth_provider_x509_cert_url": "https://www.googleapis.com/oauth2/v1/certs",
        "client_secret": "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",
        "redirect_uris": [
            "http://localhost"
        ]
    }
}
